{
  "request": {
    "method": "PUT",
    "url": "/people/1",
    "bodyPatterns" : [ {
      "equalToJson" : "[{\"Id\":1,\"FirstName\":\"Bobby\",\"LastName\":\"Federer\",\"DateOfBirth\":\"08/08/81\"}]",
      "ignoreArrayOrder" : true,
      "ignoreExtraElements" : true
    } ],
       "headers" : {
     "Authorization" : {
       "contains" : "I am a good token"
       }
       }
    },
  "response": {
    "status": 200,
     "headers": {
      "Content-Type": "application/json"
    }
  }
}
